Id,Label,Name,Gruppe,Semester
lalg1,lalg1,Lineare Algebra 1,Grundlagen: Mathematik 1,1
lalg2,lalg2,Lineare Algebra 2,Grundlagen: Mathematik 1,2
infM,infM,Informatik (M),Grundlagen: Mathematik 1,1
wst,wst,Wahrscheinlichkeitstheorie und Statistik,Grundlagen: Mathematik 1,3;5
dan,dan,Datenanalyse (Machine Learning),Grundlagen: Mathematik 1,5
an1,an1,Analysis 1,Grundlagen: Mathematik 2,1
an2,an2,Analysis 2,Grundlagen: Mathematik 2,2
dglM,dglM,Differenzialgleichungen (SG M),Grundlagen: Mathematik 2,3
man,man,Mehrdimensionale Analysis,Grundlagen: Mathematik 2,4
num,num,Numerik (Computational Mathematics),Grundlagen: Mathematik 2,4
wus,wus,Wärme und Strahlung,"Grundlagen:
Naturwissenschaften",2
mechM,mechM,Grundkonzepte der Mechanik,"Grundlagen:
Naturwissenschaften",1
elmag,elmag,Elektromagnetismus,"Grundlagen:
Naturwissenschaften",3
sww,sww,Schwingungen und Wellen,"Grundlagen:
Naturwissenschaften",4
ch1,ch1,Chemie 1,"Grundlagen:
Naturwissenschaften",1
wch,wch,Workshop Chemie,"Grundlagen:
Naturwissenschaften",2
werk1,werk1,Werkstoffe 1,"Grundlagen: Werkstoffe,
Fertigung, Konstruktion",1
werk2,werk2,Werkstoffe 2,"Grundlagen: Werkstoffe,
Fertigung, Konstruktion",2
werk3,werk3,Werkstoffe 3,"Grundlagen: Werkstoffe,
Fertigung, Konstruktion",3;4
hkon,hkon,Herstellung und Konstruktion,"Grundlagen: Werkstoffe,
Fertigung, Konstruktion",1
mel,mel,Maschinenelemente,"Grundlagen: Werkstoffe,
Fertigung, Konstruktion",2
chkL,chkL,Labor Chemie/Konstruktion,Grundlagen: Labor,2
phwkL,phwkL,Labor Physik & Werkstoffe,Grundlagen: Labor,3
mst,mst,Mess- und Sensortechnik,Grundlagen: Labor,4
fems,fems,FEM Simulation,Grundlagen: Labor,4
cfds,cfds,CFD Simulation,Grundlagen: Labor,4
wkwkL,wkwkL,Workshop Werkstoffe Konstruktion,Grundlagen: Labor,4
stk,stk,Statik,Grundlagen: Technische Mechanik,2
elstk,elstk,Elastostatik,Grundlagen: Technische Mechanik,3
kmk,kmk,Kinematik und Kinetik,Grundlagen: Technische Mechanik,3
md,md,Maschinendynamik,Grundlagen: Technische Mechanik,4
dms,dms,Dimensionierung,Grundlagen: Technische Mechanik,4
thdM,thdM,Thermodynamik,"Grundlagen: Thermo-/Fluid-
Energietechnik",2
flmM,flmM,Fluidmechanik,"Grundlagen: Thermo-/Fluid-
Energietechnik",3
egts,egts,Energietechnische Systeme,"Grundlagen: Thermo-/Fluid-
Energietechnik",4
eltM,eltM,Elektrotechnik (M),"Grundlagen: Elektrische
Energietechnik",3
atL,atL,Antriebstechnik mit Labor,"Grundlagen: Elektrische
Energietechnik",4
rtL,rtL,Regelungstechnik mit Labor,"Grundlagen: Elektrische
Energietechnik",5
wueb,wueb,Wärmeübertragung,Fachvertiefung: Maschinenbau,5
aem,aem,Advanced Experimental Methods,Fachvertiefung: Maschinenbau,5
thd3,thd3,Thermodynamik mit Labor 3,Fachvertiefung: Maschinenbau,5
flm3,flm3,Fluidmechanik mit Labor 3,Fachvertiefung: Maschinenbau,5
thd4,thd4,Thermodynamik mit Labor 4,Fachvertiefung: Maschinenbau,6
flm4,flm4,Fluidmechanik mit Labor 4,Fachvertiefung: Maschinenbau,6
c1d,c1d,Composite I - Design & Structural Me,Fachvertiefung: Maschinenbau,5
c1m,c1m,Composite I - Manufacturing Technol,Fachvertiefung: Maschinenbau,5
dpev1,dpev1,Dig. Produktentw. & Verarbeitung 1,Fachvertiefung: Maschinenbau,5
kt1,kt1,Kunststofftechnik 1,Fachvertiefung: Maschinenbau,5
kt2,kt2,Kunststofftechnik 2,Fachvertiefung: Maschinenbau,6
dpev2,dpev2,Dig. Produktentw. & Verarbeitung 2,Fachvertiefung: Maschinenbau,6
mant1,mant1,Manufacturing Technology 1,Fachvertiefung: Maschinenbau,5
amat,amat,Advanced Materials,Fachvertiefung: Maschinenbau,6
am,am,Additive Manufacturing,Fachvertiefung: Maschinenbau,5
mea,mea,Mechatronics with Lab,Fachvertiefung: Maschinenbau,5
apd,apd,Advanced Product Design,Fachvertiefung: Maschinenbau,5
mant2,mant2,Manufacturing Technology 2,Fachvertiefung: Maschinenbau,6
minat,minat,Mikro- und Nanotechnik,Fachergänzung: Maschinenbau,5
labvM,labvM,Labview,Fachergänzung: Maschinenbau,5
matl,matl,MATLAB-Workshop,Fachergänzung: Maschinenbau,5
ekt,ekt,Energie- und Kerntechnik,Fachergänzung: Maschinenbau,5
eeww,eeww,Erneuerbare Energien: Wind und Wasser,Fachergänzung: Maschinenbau,5
waem,waem,Workshop Adv. Experimental Methods,Fachergänzung: Maschinenbau,5
fkte,fkte,Festkörpertechnologie,Fachergänzung: Maschinenbau,5
meas1,meas1,Mechatronische Systeme,Fachergänzung: Maschinenbau,5
naku,naku,Nachhaltige Kunststofftechnik,Fachergänzung: Maschinenbau,5
vmo,vmo,Verbrennungsmotoren,Fachergänzung: Maschinenbau,6
idacu,idacu,Industrial Acoustics with Lab,Fachergänzung: Maschinenbau,6
mantL,mantL,Lab Manufacturing Technology,Fachergänzung: Maschinenbau,6
veva,veva,Verification & Validation with Lab,Fachergänzung: Maschinenbau,5
c2ad,c2ad,Composite II - Advanced,Fachergänzung: Maschinenbau,6
asimv,asimv,Advanced Simulation and Validation,Fachergänzung: Maschinenbau,6
afems,afems,Advanced FEM-Simulation,Fachergänzung: Maschinenbau,6
tamp,tamp,Tech. Anwendung der modernen Physik,Fachergänzung: Maschinenbau,6
amp,amp,Additive Manufacturing Polymer,Fachergänzung: Maschinenbau,6
cich,cich,Climate and Equality Challenge,Fachergänzung: Maschinenbau,3;5
dsf,dsf,Drones and Smart Farming,Fachergänzung: Maschinenbau,3;5
enwi,enwi,Energiewirtschaft,Fachergänzung: Maschinenbau,3;5
mlam,mlam,Machine Learning Analyse von Messdaten,Fachergänzung: Maschinenbau,3;5
mata,mata,"Materialwiederverwertung, Akzeptanz",Fachergänzung: Maschinenbau,3;5
mimo,mimo,Mikromobilität,Fachergänzung: Maschinenbau,3;5
npe,npe,Nachhaltige Produktentwicklung,Fachergänzung: Maschinenbau,3;5
pro1M,pro1M,Projekt 1 Maschinenbau,Projekte: Maschinenbau,1
pro2M,pro2M,Projekt 2 Maschinenbau,Projekte: Maschinenbau,2
pro3M,pro3M,Projekt 3 Maschinenbau,Projekte: Maschinenbau,3
pro4M,pro4M,Projekt 4 Maschinenbau,Projekte: Maschinenbau,4
pro5M,pro5M,Projekt 5 Maschinenbau,Projekte: Maschinenbau,5
pro6M,pro6M,Projekt 6 Maschinenbau (Bachelor Thesis),Projekte: Maschinenbau,6
