Source,Target,Type,Label
pro1M,pro2M,Undirected,Gleiche Gruppe
pro1M,pro3M,Undirected,Gleiche Gruppe
pro1M,pro4M,Undirected,Gleiche Gruppe
pro1M,pro5M,Undirected,Gleiche Gruppe
pro1M,pro6M,Undirected,Gleiche Gruppe
pro1M,werk1,Undirected,Semester 1
pro2M,pro3M,Undirected,Gleiche Gruppe
pro2M,pro4M,Undirected,Gleiche Gruppe
pro2M,pro5M,Undirected,Gleiche Gruppe
pro2M,pro6M,Undirected,Gleiche Gruppe
pro2M,wus,Undirected,Semester 2
pro2M,wch,Undirected,Semester 2
pro2M,werk2,Undirected,Semester 2
pro2M,stk,Undirected,Semester 2
pro2M,thdM,Undirected,Semester 2
pro3M,pro4M,Undirected,Gleiche Gruppe
pro3M,pro5M,Undirected,Gleiche Gruppe
pro3M,pro6M,Undirected,Gleiche Gruppe
pro3M,wst,Undirected,Semester 3
pro3M,werk3,Undirected,Semester 3
stk,pro3M,Directed,Voraussetzung
stk,wus,Undirected,Semester 2
stk,wch,Undirected,Semester 2
stk,werk2,Undirected,Semester 2
stk,thdM,Undirected,Semester 2
elstk,pro3M,Undirected,Semester 3
elstk,kmk,Undirected,Semester 3
elstk,md,Undirected,Gleiche Gruppe
elstk,stk,Undirected,Gleiche Gruppe
elstk,wst,Undirected,Semester 3
elstk,werk3,Undirected,Semester 3
elstk,phwkL,Undirected,Semester 3
elstk,flmM,Undirected,Semester 3
elstk,eltM,Undirected,Semester 3
elstk,enwi,Undirected,Semester 3
elstk,mlam,Undirected,Semester 3
elstk,mata,Undirected,Semester 3
elstk,mimo,Undirected,Semester 3
elstk,npe,Undirected,Semester 3
kmk,pro3M,Undirected,Semester 3
kmk,md,Undirected,Gleiche Gruppe
kmk,stk,Undirected,Gleiche Gruppe
kmk,wst,Undirected,Semester 3
kmk,werk3,Undirected,Semester 3
kmk,phwkL,Undirected,Semester 3
kmk,mlam,Undirected,Semester 3
kmk,mata,Undirected,Semester 3
kmk,mimo,Undirected,Semester 3
kmk,npe,Undirected,Semester 3
pro4M,pro5M,Undirected,Gleiche Gruppe
pro4M,pro6M,Undirected,Gleiche Gruppe
pro4M,sww,Undirected,Semester 4
pro4M,wkwkL,Undirected,Semester 4
fems,pro4M,Undirected,Semester 4
fems,mst,Undirected,Semester 4
fems,phwkL,Undirected,Gleiche Gruppe
fems,wkwkL,Undirected,Semester 4
fems,man,Undirected,Semester 4
fems,num,Undirected,Semester 4
fems,sww,Undirected,Semester 4
fems,md,Undirected,Semester 4
cfds,pro4M,Undirected,Semester 4
cfds,chkL,Undirected,Gleiche Gruppe
cfds,fems,Undirected,Semester 4
cfds,mst,Undirected,Semester 4
cfds,phwkL,Undirected,Gleiche Gruppe
cfds,wkwkL,Undirected,Semester 4
cfds,man,Undirected,Semester 4
cfds,num,Undirected,Semester 4
cfds,sww,Undirected,Semester 4
cfds,md,Undirected,Semester 4
cfds,dms,Undirected,Semester 4
cfds,egts,Undirected,Semester 4
pro5M,pro6M,Undirected,Gleiche Gruppe
pro5M,rtL,Undirected,Semester 5
pro5M,wueb,Undirected,Semester 5
pro5M,thd3,Undirected,Semester 5
pro5M,waem,Undirected,Semester 5
pro5M,veva,Undirected,Semester 5
pro6M,thd4,Undirected,Semester 6
pro6M,vmo,Undirected,Semester 6
pro6M,tamp,Undirected,Semester 6
afems,amp,Undirected,Semester 6
afems,asimv,Undirected,Semester 6
afems,c2ad,Undirected,Semester 6
afems,cich,Undirected,Gleiche Gruppe
afems,dsf,Undirected,Gleiche Gruppe
afems,eeww,Undirected,Gleiche Gruppe
afems,ekt,Undirected,Gleiche Gruppe
afems,enwi,Undirected,Gleiche Gruppe
afems,fkte,Undirected,Gleiche Gruppe
afems,idacu,Undirected,Semester 6
afems,labvM,Undirected,Gleiche Gruppe
afems,mantL,Undirected,Semester 6
afems,mata,Undirected,Gleiche Gruppe
afems,matl,Undirected,Gleiche Gruppe
afems,meas1,Undirected,Gleiche Gruppe
afems,mimo,Undirected,Gleiche Gruppe
afems,minat,Undirected,Gleiche Gruppe
afems,mlam,Undirected,Gleiche Gruppe
afems,naku,Undirected,Gleiche Gruppe
afems,npe,Undirected,Gleiche Gruppe
afems,tamp,Undirected,Semester 6
afems,veva,Undirected,Gleiche Gruppe
afems,vmo,Undirected,Semester 6
afems,waem,Undirected,Gleiche Gruppe
afems,thd4,Undirected,Semester 6
afems,flm4,Undirected,Semester 6
afems,kt2,Undirected,Semester 6
afems,dpev2,Undirected,Semester 6
afems,amat,Undirected,Semester 6
afems,mant2,Undirected,Semester 6
afems,pro6M,Undirected,Semester 6
amp,asimv,Undirected,Semester 6
amp,c2ad,Undirected,Semester 6
amp,cich,Undirected,Gleiche Gruppe
amp,dsf,Undirected,Gleiche Gruppe
amp,eeww,Undirected,Gleiche Gruppe
amp,ekt,Undirected,Gleiche Gruppe
amp,enwi,Undirected,Gleiche Gruppe
amp,fkte,Undirected,Gleiche Gruppe
amp,idacu,Undirected,Semester 6
amp,labvM,Undirected,Gleiche Gruppe
amp,mantL,Undirected,Semester 6
amp,mata,Undirected,Gleiche Gruppe
amp,matl,Undirected,Gleiche Gruppe
amp,meas1,Undirected,Gleiche Gruppe
amp,mimo,Undirected,Gleiche Gruppe
amp,minat,Undirected,Gleiche Gruppe
amp,mlam,Undirected,Gleiche Gruppe
amp,naku,Undirected,Gleiche Gruppe
amp,npe,Undirected,Gleiche Gruppe
amp,tamp,Undirected,Semester 6
amp,veva,Undirected,Gleiche Gruppe
amp,vmo,Undirected,Semester 6
amp,waem,Undirected,Gleiche Gruppe
amp,thd4,Undirected,Semester 6
amp,flm4,Undirected,Semester 6
amp,kt2,Undirected,Semester 6
amp,dpev2,Undirected,Semester 6
amp,mant2,Undirected,Semester 6
amp,pro6M,Undirected,Semester 6
asimv,c2ad,Undirected,Semester 6
asimv,cich,Undirected,Gleiche Gruppe
asimv,dsf,Undirected,Gleiche Gruppe
asimv,eeww,Undirected,Gleiche Gruppe
asimv,ekt,Undirected,Gleiche Gruppe
asimv,enwi,Undirected,Gleiche Gruppe
asimv,fkte,Undirected,Gleiche Gruppe
asimv,idacu,Undirected,Semester 6
asimv,labvM,Undirected,Gleiche Gruppe
asimv,mantL,Undirected,Semester 6
asimv,mata,Undirected,Gleiche Gruppe
asimv,matl,Undirected,Gleiche Gruppe
asimv,meas1,Undirected,Gleiche Gruppe
asimv,mimo,Undirected,Gleiche Gruppe
asimv,minat,Undirected,Gleiche Gruppe
asimv,mlam,Undirected,Gleiche Gruppe
asimv,naku,Undirected,Gleiche Gruppe
asimv,npe,Undirected,Gleiche Gruppe
asimv,tamp,Undirected,Semester 6
asimv,veva,Undirected,Gleiche Gruppe
asimv,vmo,Undirected,Semester 6
asimv,waem,Undirected,Gleiche Gruppe
asimv,thd4,Undirected,Semester 6
asimv,flm4,Undirected,Semester 6
asimv,kt2,Undirected,Semester 6
asimv,dpev2,Undirected,Semester 6
asimv,mant2,Undirected,Semester 6
asimv,pro6M,Undirected,Semester 6
c2ad,cich,Undirected,Gleiche Gruppe
c2ad,dsf,Undirected,Gleiche Gruppe
c2ad,eeww,Undirected,Gleiche Gruppe
c2ad,ekt,Undirected,Gleiche Gruppe
c2ad,enwi,Undirected,Gleiche Gruppe
c2ad,fkte,Undirected,Gleiche Gruppe
c2ad,idacu,Undirected,Semester 6
c2ad,labvM,Undirected,Gleiche Gruppe
c2ad,mantL,Undirected,Semester 6
c2ad,mata,Undirected,Gleiche Gruppe
c2ad,matl,Undirected,Gleiche Gruppe
c2ad,meas1,Undirected,Gleiche Gruppe
c2ad,mimo,Undirected,Gleiche Gruppe
c2ad,minat,Undirected,Gleiche Gruppe
c2ad,mlam,Undirected,Gleiche Gruppe
c2ad,naku,Undirected,Gleiche Gruppe
c2ad,npe,Undirected,Gleiche Gruppe
c2ad,tamp,Undirected,Semester 6
c2ad,veva,Undirected,Gleiche Gruppe
c2ad,vmo,Undirected,Semester 6
c2ad,waem,Undirected,Gleiche Gruppe
c2ad,thd4,Undirected,Semester 6
c2ad,flm4,Undirected,Semester 6
c2ad,kt2,Undirected,Semester 6
c2ad,dpev2,Undirected,Semester 6
c2ad,mant2,Undirected,Semester 6
c2ad,pro6M,Undirected,Semester 6
cich,dsf,Undirected,Semester 3
cich,eeww,Undirected,Semester 5
cich,ekt,Undirected,Semester 5
cich,enwi,Undirected,Semester 3
cich,fkte,Undirected,Semester 5
cich,idacu,Undirected,Gleiche Gruppe
cich,labvM,Undirected,Semester 5
cich,mantL,Undirected,Gleiche Gruppe
cich,mata,Undirected,Semester 3
cich,matl,Undirected,Semester 5
cich,meas1,Undirected,Semester 5
cich,mimo,Undirected,Semester 3
cich,minat,Undirected,Semester 5
cich,mlam,Undirected,Semester 3
cich,naku,Undirected,Semester 5
cich,npe,Undirected,Semester 3
cich,tamp,Undirected,Gleiche Gruppe
cich,veva,Undirected,Semester 5
cich,vmo,Undirected,Gleiche Gruppe
cich,waem,Undirected,Semester 5
cich,wst,Undirected,Semester 3
cich,dglM,Undirected,Semester 3
cich,elmag,Undirected,Semester 3
cich,werk3,Undirected,Semester 3
cich,phwkL,Undirected,Semester 3
cich,elstk,Undirected,Semester 3
cich,kmk,Undirected,Semester 3
cich,flmM,Undirected,Semester 3
cich,eltM,Undirected,Semester 3
cich,pro3M,Undirected,Semester 3
cich,dan,Undirected,Semester 5
cich,rtL,Undirected,Semester 5
cich,wueb,Undirected,Semester 5
cich,thd3,Undirected,Semester 5
cich,flm3,Undirected,Semester 5
cich,dpev1,Undirected,Semester 5
cich,kt1,Undirected,Semester 5
cich,mant1,Undirected,Semester 5
cich,mea,Undirected,Semester 5
cich,pro5M,Undirected,Semester 5
dsf,eeww,Undirected,Semester 5
dsf,ekt,Undirected,Semester 5
dsf,enwi,Undirected,Semester 3
dsf,fkte,Undirected,Semester 5
dsf,idacu,Undirected,Gleiche Gruppe
dsf,labvM,Undirected,Semester 5
dsf,mantL,Undirected,Gleiche Gruppe
dsf,mata,Undirected,Semester 3
dsf,matl,Undirected,Semester 5
dsf,meas1,Undirected,Semester 5
dsf,mimo,Undirected,Semester 3
dsf,minat,Undirected,Semester 5
dsf,mlam,Undirected,Semester 3
dsf,naku,Undirected,Semester 5
dsf,npe,Undirected,Semester 3
dsf,tamp,Undirected,Gleiche Gruppe
dsf,veva,Undirected,Semester 5
dsf,vmo,Undirected,Gleiche Gruppe
dsf,waem,Undirected,Semester 5
dsf,wst,Undirected,Semester 3
dsf,elmag,Undirected,Semester 3
dsf,werk3,Undirected,Semester 3
dsf,phwkL,Undirected,Semester 3
dsf,elstk,Undirected,Semester 3
dsf,kmk,Undirected,Semester 3
dsf,flmM,Undirected,Semester 3
dsf,eltM,Undirected,Semester 3
dsf,pro3M,Undirected,Semester 3
dsf,rtL,Undirected,Semester 5
dsf,wueb,Undirected,Semester 5
dsf,thd3,Undirected,Semester 5
dsf,flm3,Undirected,Semester 5
dsf,kt1,Undirected,Semester 5
dsf,mant1,Undirected,Semester 5
dsf,mea,Undirected,Semester 5
dsf,pro5M,Undirected,Semester 5
eeww,ekt,Undirected,Semester 5
eeww,enwi,Undirected,Gleiche Gruppe
eeww,fkte,Undirected,Semester 5
eeww,idacu,Undirected,Gleiche Gruppe
eeww,labvM,Undirected,Semester 5
eeww,mantL,Undirected,Gleiche Gruppe
eeww,mata,Undirected,Gleiche Gruppe
eeww,matl,Undirected,Semester 5
eeww,meas1,Undirected,Semester 5
eeww,mimo,Undirected,Gleiche Gruppe
eeww,minat,Undirected,Semester 5
eeww,mlam,Undirected,Gleiche Gruppe
eeww,naku,Undirected,Semester 5
eeww,npe,Undirected,Gleiche Gruppe
eeww,tamp,Undirected,Gleiche Gruppe
eeww,veva,Undirected,Semester 5
eeww,vmo,Undirected,Gleiche Gruppe
eeww,waem,Undirected,Semester 5
eeww,rtL,Undirected,Semester 5
eeww,wueb,Undirected,Semester 5
eeww,thd3,Undirected,Semester 5
eeww,flm3,Undirected,Semester 5
eeww,kt1,Undirected,Semester 5
eeww,mant1,Undirected,Semester 5
eeww,mea,Undirected,Semester 5
eeww,pro5M,Undirected,Semester 5
ekt,enwi,Undirected,Gleiche Gruppe
ekt,fkte,Undirected,Semester 5
ekt,idacu,Undirected,Gleiche Gruppe
ekt,labvM,Undirected,Semester 5
ekt,mantL,Undirected,Gleiche Gruppe
ekt,mata,Undirected,Gleiche Gruppe
ekt,matl,Undirected,Semester 5
ekt,meas1,Undirected,Semester 5
ekt,mimo,Undirected,Gleiche Gruppe
ekt,minat,Undirected,Semester 5
ekt,mlam,Undirected,Gleiche Gruppe
ekt,naku,Undirected,Semester 5
ekt,npe,Undirected,Gleiche Gruppe
ekt,tamp,Undirected,Gleiche Gruppe
ekt,veva,Undirected,Semester 5
ekt,vmo,Undirected,Gleiche Gruppe
ekt,waem,Undirected,Semester 5
ekt,rtL,Undirected,Semester 5
ekt,wueb,Undirected,Semester 5
ekt,thd3,Undirected,Semester 5
ekt,flm3,Undirected,Semester 5
ekt,kt1,Undirected,Semester 5
ekt,mant1,Undirected,Semester 5
ekt,mea,Undirected,Semester 5
ekt,pro5M,Undirected,Semester 5
enwi,fkte,Undirected,Semester 5
enwi,idacu,Undirected,Gleiche Gruppe
enwi,labvM,Undirected,Semester 5
enwi,mantL,Undirected,Gleiche Gruppe
enwi,mata,Undirected,Semester 3
enwi,matl,Undirected,Semester 5
enwi,meas1,Undirected,Semester 5
enwi,mimo,Undirected,Semester 3
enwi,minat,Undirected,Semester 5
enwi,mlam,Undirected,Semester 3
enwi,naku,Undirected,Semester 5
enwi,npe,Undirected,Semester 3
enwi,tamp,Undirected,Gleiche Gruppe
enwi,veva,Undirected,Semester 5
enwi,vmo,Undirected,Gleiche Gruppe
enwi,waem,Undirected,Semester 5
enwi,wst,Undirected,Semester 3
enwi,werk3,Undirected,Semester 3
enwi,phwkL,Undirected,Semester 3
enwi,kmk,Undirected,Semester 3
enwi,flmM,Undirected,Semester 3
enwi,pro3M,Undirected,Semester 3
enwi,rtL,Undirected,Semester 5
enwi,wueb,Undirected,Semester 5
enwi,thd3,Undirected,Semester 5
enwi,flm3,Undirected,Semester 5
enwi,kt1,Undirected,Semester 5
enwi,mant1,Undirected,Semester 5
enwi,mea,Undirected,Semester 5
enwi,pro5M,Undirected,Semester 5
fkte,idacu,Undirected,Gleiche Gruppe
fkte,labvM,Undirected,Semester 5
fkte,mantL,Undirected,Gleiche Gruppe
fkte,mata,Undirected,Gleiche Gruppe
fkte,matl,Undirected,Semester 5
fkte,meas1,Undirected,Semester 5
fkte,mimo,Undirected,Gleiche Gruppe
fkte,minat,Undirected,Semester 5
fkte,mlam,Undirected,Gleiche Gruppe
fkte,naku,Undirected,Semester 5
fkte,npe,Undirected,Gleiche Gruppe
fkte,tamp,Undirected,Gleiche Gruppe
fkte,veva,Undirected,Semester 5
fkte,vmo,Undirected,Gleiche Gruppe
fkte,waem,Undirected,Semester 5
fkte,rtL,Undirected,Semester 5
fkte,wueb,Undirected,Semester 5
fkte,thd3,Undirected,Semester 5
fkte,flm3,Undirected,Semester 5
fkte,kt1,Undirected,Semester 5
fkte,mant1,Undirected,Semester 5
fkte,mea,Undirected,Semester 5
fkte,pro5M,Undirected,Semester 5
idacu,labvM,Undirected,Gleiche Gruppe
idacu,mantL,Undirected,Semester 6
idacu,mata,Undirected,Gleiche Gruppe
idacu,matl,Undirected,Gleiche Gruppe
idacu,meas1,Undirected,Gleiche Gruppe
idacu,mimo,Undirected,Gleiche Gruppe
idacu,minat,Undirected,Gleiche Gruppe
idacu,mlam,Undirected,Gleiche Gruppe
idacu,naku,Undirected,Gleiche Gruppe
idacu,npe,Undirected,Gleiche Gruppe
idacu,tamp,Undirected,Semester 6
idacu,veva,Undirected,Gleiche Gruppe
idacu,vmo,Undirected,Semester 6
idacu,waem,Undirected,Gleiche Gruppe
idacu,thd4,Undirected,Semester 6
idacu,kt2,Undirected,Semester 6
idacu,mant2,Undirected,Semester 6
idacu,pro6M,Undirected,Semester 6
labvM,mantL,Undirected,Gleiche Gruppe
labvM,mata,Undirected,Gleiche Gruppe
labvM,matl,Undirected,Semester 5
labvM,meas1,Undirected,Semester 5
labvM,mimo,Undirected,Gleiche Gruppe
labvM,minat,Undirected,Semester 5
labvM,mlam,Undirected,Gleiche Gruppe
labvM,naku,Undirected,Semester 5
labvM,npe,Undirected,Gleiche Gruppe
labvM,tamp,Undirected,Gleiche Gruppe
labvM,veva,Undirected,Semester 5
labvM,vmo,Undirected,Gleiche Gruppe
labvM,waem,Undirected,Semester 5
labvM,rtL,Undirected,Semester 5
labvM,wueb,Undirected,Semester 5
labvM,thd3,Undirected,Semester 5
labvM,mant1,Undirected,Semester 5
labvM,mea,Undirected,Semester 5
labvM,pro5M,Undirected,Semester 5
mantL,mata,Undirected,Gleiche Gruppe
mantL,matl,Undirected,Gleiche Gruppe
mantL,meas1,Undirected,Gleiche Gruppe
mantL,mimo,Undirected,Gleiche Gruppe
mantL,minat,Undirected,Gleiche Gruppe
mantL,mlam,Undirected,Gleiche Gruppe
mantL,naku,Undirected,Gleiche Gruppe
mantL,npe,Undirected,Gleiche Gruppe
mantL,tamp,Undirected,Semester 6
mantL,veva,Undirected,Gleiche Gruppe
mantL,vmo,Undirected,Semester 6
mantL,waem,Undirected,Gleiche Gruppe
mantL,thd4,Undirected,Semester 6
mantL,pro6M,Undirected,Semester 6
mata,matl,Undirected,Semester 5
mata,meas1,Undirected,Semester 5
mata,mimo,Undirected,Semester 3
mata,minat,Undirected,Semester 5
mata,mlam,Undirected,Semester 3
mata,naku,Undirected,Semester 5
mata,npe,Undirected,Semester 3
mata,tamp,Undirected,Gleiche Gruppe
mata,veva,Undirected,Semester 5
mata,vmo,Undirected,Gleiche Gruppe
mata,waem,Undirected,Semester 5
mata,wst,Undirected,Semester 3
mata,werk3,Undirected,Semester 3
mata,phwkL,Undirected,Semester 3
mata,pro3M,Undirected,Semester 3
mata,rtL,Undirected,Semester 5
mata,wueb,Undirected,Semester 5
mata,thd3,Undirected,Semester 5
mata,mea,Undirected,Semester 5
mata,pro5M,Undirected,Semester 5
matl,meas1,Undirected,Semester 5
matl,mimo,Undirected,Gleiche Gruppe
matl,minat,Undirected,Semester 5
matl,mlam,Undirected,Gleiche Gruppe
matl,naku,Undirected,Semester 5
matl,npe,Undirected,Gleiche Gruppe
matl,tamp,Undirected,Gleiche Gruppe
matl,veva,Undirected,Semester 5
matl,vmo,Undirected,Gleiche Gruppe
matl,waem,Undirected,Semester 5
matl,rtL,Undirected,Semester 5
matl,wueb,Undirected,Semester 5
matl,thd3,Undirected,Semester 5
matl,mea,Undirected,Semester 5
matl,pro5M,Undirected,Semester 5
meas1,mimo,Undirected,Gleiche Gruppe
meas1,minat,Undirected,Semester 5
meas1,mlam,Undirected,Gleiche Gruppe
meas1,naku,Undirected,Semester 5
meas1,npe,Undirected,Gleiche Gruppe
meas1,tamp,Undirected,Gleiche Gruppe
meas1,veva,Undirected,Semester 5
meas1,vmo,Undirected,Gleiche Gruppe
meas1,waem,Undirected,Semester 5
meas1,rtL,Undirected,Semester 5
meas1,wueb,Undirected,Semester 5
meas1,thd3,Undirected,Semester 5
meas1,pro5M,Undirected,Semester 5
mimo,minat,Undirected,Semester 5
mimo,mlam,Undirected,Semester 3
mimo,naku,Undirected,Semester 5
mimo,npe,Undirected,Semester 3
mimo,tamp,Undirected,Gleiche Gruppe
mimo,veva,Undirected,Semester 5
mimo,vmo,Undirected,Gleiche Gruppe
mimo,waem,Undirected,Semester 5
mimo,wst,Undirected,Semester 3
mimo,werk3,Undirected,Semester 3
mimo,phwkL,Undirected,Semester 3
mimo,pro3M,Undirected,Semester 3
mimo,rtL,Undirected,Semester 5
mimo,wueb,Undirected,Semester 5
mimo,thd3,Undirected,Semester 5
mimo,pro5M,Undirected,Semester 5
minat,mlam,Undirected,Gleiche Gruppe
minat,naku,Undirected,Semester 5
minat,npe,Undirected,Gleiche Gruppe
minat,tamp,Undirected,Gleiche Gruppe
minat,veva,Undirected,Semester 5
minat,vmo,Undirected,Gleiche Gruppe
minat,waem,Undirected,Semester 5
minat,rtL,Undirected,Semester 5
minat,wueb,Undirected,Semester 5
minat,thd3,Undirected,Semester 5
minat,pro5M,Undirected,Semester 5
mlam,naku,Undirected,Semester 5
mlam,npe,Undirected,Semester 3
mlam,tamp,Undirected,Gleiche Gruppe
mlam,veva,Undirected,Semester 5
mlam,vmo,Undirected,Gleiche Gruppe
mlam,waem,Undirected,Semester 5
mlam,wst,Undirected,Semester 3
mlam,werk3,Undirected,Semester 3
mlam,phwkL,Undirected,Semester 3
mlam,pro3M,Undirected,Semester 3
mlam,rtL,Undirected,Semester 5
mlam,wueb,Undirected,Semester 5
mlam,thd3,Undirected,Semester 5
mlam,pro5M,Undirected,Semester 5
naku,npe,Undirected,Gleiche Gruppe
naku,tamp,Undirected,Gleiche Gruppe
naku,veva,Undirected,Semester 5
naku,vmo,Undirected,Gleiche Gruppe
naku,waem,Undirected,Semester 5
naku,rtL,Undirected,Semester 5
naku,wueb,Undirected,Semester 5
naku,thd3,Undirected,Semester 5
naku,pro5M,Undirected,Semester 5
npe,tamp,Undirected,Gleiche Gruppe
npe,veva,Undirected,Semester 5
npe,vmo,Undirected,Gleiche Gruppe
npe,waem,Undirected,Semester 5
npe,wst,Undirected,Semester 3
npe,werk3,Undirected,Semester 3
npe,phwkL,Undirected,Semester 3
npe,pro3M,Undirected,Semester 3
npe,rtL,Undirected,Semester 5
npe,wueb,Undirected,Semester 5
npe,thd3,Undirected,Semester 5
npe,pro5M,Undirected,Semester 5
tamp,veva,Undirected,Gleiche Gruppe
tamp,vmo,Undirected,Semester 6
tamp,waem,Undirected,Gleiche Gruppe
tamp,thd4,Undirected,Semester 6
veva,vmo,Undirected,Gleiche Gruppe
veva,waem,Undirected,Semester 5
veva,wueb,Undirected,Semester 5
vmo,waem,Undirected,Gleiche Gruppe
waem,wueb,Undirected,Semester 5
aem,am,Undirected,Semester 5
aem,amat,Undirected,Gleiche Gruppe
aem,apd,Undirected,Semester 5
aem,c1d,Undirected,Semester 5
aem,c1m,Undirected,Semester 5
aem,dpev1,Undirected,Semester 5
aem,dpev2,Undirected,Gleiche Gruppe
aem,flm3,Undirected,Semester 5
aem,flm4,Undirected,Gleiche Gruppe
aem,kt1,Undirected,Semester 5
aem,kt2,Undirected,Gleiche Gruppe
aem,mant1,Undirected,Semester 5
aem,mant2,Undirected,Gleiche Gruppe
aem,mea,Undirected,Semester 5
aem,thd3,Undirected,Semester 5
aem,thd4,Undirected,Gleiche Gruppe
aem,wueb,Undirected,Semester 5
aem,dan,Undirected,Semester 5
aem,rtL,Undirected,Semester 5
aem,minat,Undirected,Semester 5
aem,labvM,Undirected,Semester 5
aem,matl,Undirected,Semester 5
aem,ekt,Undirected,Semester 5
aem,eeww,Undirected,Semester 5
aem,waem,Undirected,Semester 5
aem,fkte,Undirected,Semester 5
aem,meas1,Undirected,Semester 5
aem,naku,Undirected,Semester 5
aem,veva,Undirected,Semester 5
aem,pro5M,Undirected,Semester 5
am,amat,Undirected,Gleiche Gruppe
am,apd,Undirected,Semester 5
am,c1d,Undirected,Semester 5
am,c1m,Undirected,Semester 5
am,dpev1,Undirected,Semester 5
am,dpev2,Undirected,Gleiche Gruppe
am,flm3,Undirected,Semester 5
am,flm4,Undirected,Gleiche Gruppe
am,kt1,Undirected,Semester 5
am,kt2,Undirected,Gleiche Gruppe
am,mant1,Undirected,Semester 5
am,mant2,Undirected,Gleiche Gruppe
am,mea,Undirected,Semester 5
am,thd3,Undirected,Semester 5
am,thd4,Undirected,Gleiche Gruppe
am,wueb,Undirected,Semester 5
am,dan,Undirected,Semester 5
am,rtL,Undirected,Semester 5
am,minat,Undirected,Semester 5
am,labvM,Undirected,Semester 5
am,matl,Undirected,Semester 5
am,ekt,Undirected,Semester 5
am,eeww,Undirected,Semester 5
am,waem,Undirected,Semester 5
am,fkte,Undirected,Semester 5
am,meas1,Undirected,Semester 5
am,naku,Undirected,Semester 5
am,veva,Undirected,Semester 5
am,pro5M,Undirected,Semester 5
amat,apd,Undirected,Gleiche Gruppe
amat,c1d,Undirected,Gleiche Gruppe
amat,c1m,Undirected,Gleiche Gruppe
amat,dpev1,Undirected,Gleiche Gruppe
amat,dpev2,Undirected,Semester 6
amat,flm3,Undirected,Gleiche Gruppe
amat,flm4,Undirected,Semester 6
amat,kt1,Undirected,Gleiche Gruppe
amat,kt2,Undirected,Semester 6
amat,mant1,Undirected,Gleiche Gruppe
amat,mant2,Undirected,Semester 6
amat,mea,Undirected,Gleiche Gruppe
amat,thd3,Undirected,Gleiche Gruppe
amat,thd4,Undirected,Semester 6
amat,wueb,Undirected,Gleiche Gruppe
amat,vmo,Undirected,Semester 6
amat,idacu,Undirected,Semester 6
amat,mantL,Undirected,Semester 6
amat,c2ad,Undirected,Semester 6
amat,asimv,Undirected,Semester 6
amat,tamp,Undirected,Semester 6
amat,amp,Undirected,Semester 6
amat,pro6M,Undirected,Semester 6
apd,c1d,Undirected,Semester 5
apd,c1m,Undirected,Semester 5
apd,dpev1,Undirected,Semester 5
apd,dpev2,Undirected,Gleiche Gruppe
apd,flm3,Undirected,Semester 5
apd,flm4,Undirected,Gleiche Gruppe
apd,kt1,Undirected,Semester 5
apd,kt2,Undirected,Gleiche Gruppe
apd,mant1,Undirected,Semester 5
apd,mant2,Undirected,Gleiche Gruppe
apd,mea,Undirected,Semester 5
apd,thd3,Undirected,Semester 5
apd,thd4,Undirected,Gleiche Gruppe
apd,wueb,Undirected,Semester 5
apd,dan,Undirected,Semester 5
apd,rtL,Undirected,Semester 5
apd,minat,Undirected,Semester 5
apd,labvM,Undirected,Semester 5
apd,matl,Undirected,Semester 5
apd,ekt,Undirected,Semester 5
apd,eeww,Undirected,Semester 5
apd,waem,Undirected,Semester 5
apd,fkte,Undirected,Semester 5
apd,meas1,Undirected,Semester 5
apd,naku,Undirected,Semester 5
apd,veva,Undirected,Semester 5
apd,pro5M,Undirected,Semester 5
c1d,c1m,Undirected,Semester 5
c1d,dpev1,Undirected,Semester 5
c1d,dpev2,Undirected,Gleiche Gruppe
c1d,flm3,Undirected,Semester 5
c1d,flm4,Undirected,Gleiche Gruppe
c1d,kt1,Undirected,Semester 5
c1d,kt2,Undirected,Gleiche Gruppe
c1d,mant1,Undirected,Semester 5
c1d,mant2,Undirected,Gleiche Gruppe
c1d,mea,Undirected,Semester 5
c1d,thd3,Undirected,Semester 5
c1d,thd4,Undirected,Gleiche Gruppe
c1d,wueb,Undirected,Semester 5
c1d,dan,Undirected,Semester 5
c1d,rtL,Undirected,Semester 5
c1d,minat,Undirected,Semester 5
c1d,labvM,Undirected,Semester 5
c1d,matl,Undirected,Semester 5
c1d,ekt,Undirected,Semester 5
c1d,eeww,Undirected,Semester 5
c1d,waem,Undirected,Semester 5
c1d,fkte,Undirected,Semester 5
c1d,meas1,Undirected,Semester 5
c1d,naku,Undirected,Semester 5
c1d,veva,Undirected,Semester 5
c1d,pro5M,Undirected,Semester 5
c1m,dpev1,Undirected,Semester 5
c1m,dpev2,Undirected,Gleiche Gruppe
c1m,flm3,Undirected,Semester 5
c1m,flm4,Undirected,Gleiche Gruppe
c1m,kt1,Undirected,Semester 5
c1m,kt2,Undirected,Gleiche Gruppe
c1m,mant1,Undirected,Semester 5
c1m,mant2,Undirected,Gleiche Gruppe
c1m,mea,Undirected,Semester 5
c1m,thd3,Undirected,Semester 5
c1m,thd4,Undirected,Gleiche Gruppe
c1m,wueb,Undirected,Semester 5
c1m,dan,Undirected,Semester 5
c1m,rtL,Undirected,Semester 5
c1m,minat,Undirected,Semester 5
c1m,labvM,Undirected,Semester 5
c1m,matl,Undirected,Semester 5
c1m,ekt,Undirected,Semester 5
c1m,eeww,Undirected,Semester 5
c1m,waem,Undirected,Semester 5
c1m,fkte,Undirected,Semester 5
c1m,meas1,Undirected,Semester 5
c1m,naku,Undirected,Semester 5
c1m,veva,Undirected,Semester 5
c1m,pro5M,Undirected,Semester 5
dpev1,dpev2,Undirected,Gleiche Gruppe
dpev1,flm3,Undirected,Semester 5
dpev1,flm4,Undirected,Gleiche Gruppe
dpev1,kt1,Undirected,Semester 5
dpev1,kt2,Undirected,Gleiche Gruppe
dpev1,mant1,Undirected,Semester 5
dpev1,mant2,Undirected,Gleiche Gruppe
dpev1,mea,Undirected,Semester 5
dpev1,thd3,Undirected,Semester 5
dpev1,thd4,Undirected,Gleiche Gruppe
dpev1,wueb,Undirected,Semester 5
dpev1,rtL,Undirected,Semester 5
dpev1,minat,Undirected,Semester 5
dpev1,labvM,Undirected,Semester 5
dpev1,matl,Undirected,Semester 5
dpev1,ekt,Undirected,Semester 5
dpev1,eeww,Undirected,Semester 5
dpev1,waem,Undirected,Semester 5
dpev1,fkte,Undirected,Semester 5
dpev1,meas1,Undirected,Semester 5
dpev1,naku,Undirected,Semester 5
dpev1,veva,Undirected,Semester 5
dpev1,pro5M,Undirected,Semester 5
dpev2,flm3,Undirected,Gleiche Gruppe
dpev2,flm4,Undirected,Semester 6
dpev2,kt1,Undirected,Gleiche Gruppe
dpev2,kt2,Undirected,Semester 6
dpev2,mant1,Undirected,Gleiche Gruppe
dpev2,mant2,Undirected,Semester 6
dpev2,mea,Undirected,Gleiche Gruppe
dpev2,thd3,Undirected,Gleiche Gruppe
dpev2,thd4,Undirected,Semester 6
dpev2,wueb,Undirected,Gleiche Gruppe
dpev2,vmo,Undirected,Semester 6
dpev2,idacu,Undirected,Semester 6
dpev2,mantL,Undirected,Semester 6
dpev2,tamp,Undirected,Semester 6
dpev2,pro6M,Undirected,Semester 6
flm3,flm4,Undirected,Gleiche Gruppe
flm3,kt1,Undirected,Semester 5
flm3,kt2,Undirected,Gleiche Gruppe
flm3,mant1,Undirected,Semester 5
flm3,mant2,Undirected,Gleiche Gruppe
flm3,mea,Undirected,Semester 5
flm3,thd3,Undirected,Semester 5
flm3,thd4,Undirected,Gleiche Gruppe
flm3,wueb,Undirected,Semester 5
flm3,rtL,Undirected,Semester 5
flm3,minat,Undirected,Semester 5
flm3,labvM,Undirected,Semester 5
flm3,matl,Undirected,Semester 5
flm3,waem,Undirected,Semester 5
flm3,meas1,Undirected,Semester 5
flm3,naku,Undirected,Semester 5
flm3,veva,Undirected,Semester 5
flm3,pro5M,Undirected,Semester 5
flm4,kt1,Undirected,Gleiche Gruppe
flm4,kt2,Undirected,Semester 6
flm4,mant1,Undirected,Gleiche Gruppe
flm4,mant2,Undirected,Semester 6
flm4,mea,Undirected,Gleiche Gruppe
flm4,thd3,Undirected,Gleiche Gruppe
flm4,thd4,Undirected,Semester 6
flm4,wueb,Undirected,Gleiche Gruppe
flm4,vmo,Undirected,Semester 6
flm4,idacu,Undirected,Semester 6
flm4,mantL,Undirected,Semester 6
flm4,tamp,Undirected,Semester 6
flm4,pro6M,Undirected,Semester 6
kt1,kt2,Undirected,Gleiche Gruppe
kt1,mant1,Undirected,Semester 5
kt1,mant2,Undirected,Gleiche Gruppe
kt1,mea,Undirected,Semester 5
kt1,thd3,Undirected,Semester 5
kt1,thd4,Undirected,Gleiche Gruppe
kt1,wueb,Undirected,Semester 5
kt1,rtL,Undirected,Semester 5
kt1,minat,Undirected,Semester 5
kt1,labvM,Undirected,Semester 5
kt1,matl,Undirected,Semester 5
kt1,waem,Undirected,Semester 5
kt1,meas1,Undirected,Semester 5
kt1,naku,Undirected,Semester 5
kt1,veva,Undirected,Semester 5
kt1,pro5M,Undirected,Semester 5
kt2,mant1,Undirected,Gleiche Gruppe
kt2,mant2,Undirected,Semester 6
kt2,mea,Undirected,Gleiche Gruppe
kt2,thd3,Undirected,Gleiche Gruppe
kt2,thd4,Undirected,Semester 6
kt2,wueb,Undirected,Gleiche Gruppe
kt2,vmo,Undirected,Semester 6
kt2,mantL,Undirected,Semester 6
kt2,tamp,Undirected,Semester 6
kt2,pro6M,Undirected,Semester 6
mant1,mant2,Undirected,Gleiche Gruppe
mant1,mea,Undirected,Semester 5
mant1,thd3,Undirected,Semester 5
mant1,thd4,Undirected,Gleiche Gruppe
mant1,wueb,Undirected,Semester 5
mant1,rtL,Undirected,Semester 5
mant1,minat,Undirected,Semester 5
mant1,matl,Undirected,Semester 5
mant1,waem,Undirected,Semester 5
mant1,meas1,Undirected,Semester 5
mant1,naku,Undirected,Semester 5
mant1,veva,Undirected,Semester 5
mant1,pro5M,Undirected,Semester 5
mant2,mea,Undirected,Gleiche Gruppe
mant2,thd3,Undirected,Gleiche Gruppe
mant2,thd4,Undirected,Semester 6
mant2,wueb,Undirected,Gleiche Gruppe
mant2,vmo,Undirected,Semester 6
mant2,mantL,Undirected,Semester 6
mant2,tamp,Undirected,Semester 6
mant2,pro6M,Undirected,Semester 6
mea,thd3,Undirected,Semester 5
mea,thd4,Undirected,Gleiche Gruppe
mea,wueb,Undirected,Semester 5
mea,rtL,Undirected,Semester 5
mea,minat,Undirected,Semester 5
mea,waem,Undirected,Semester 5
mea,meas1,Undirected,Semester 5
mea,naku,Undirected,Semester 5
mea,veva,Undirected,Semester 5
mea,pro5M,Undirected,Semester 5
thd3,thd4,Undirected,Gleiche Gruppe
thd3,wueb,Undirected,Semester 5
thd3,waem,Undirected,Semester 5
thd3,veva,Undirected,Semester 5
thd4,wueb,Undirected,Gleiche Gruppe
thd4,vmo,Undirected,Semester 6
ch1,elmag,Undirected,Gleiche Gruppe
ch1,mechM,Undirected,Semester 1
ch1,sww,Undirected,Gleiche Gruppe
ch1,wch,Undirected,Gleiche Gruppe
ch1,wus,Undirected,Gleiche Gruppe
ch1,lalg1,Undirected,Semester 1
ch1,infM,Undirected,Semester 1
ch1,werk1,Undirected,Semester 1
ch1,hkon,Undirected,Semester 1
ch1,pro1M,Undirected,Semester 1
elmag,mechM,Undirected,Gleiche Gruppe
elmag,sww,Undirected,Gleiche Gruppe
elmag,wch,Undirected,Gleiche Gruppe
elmag,wus,Undirected,Gleiche Gruppe
elmag,wst,Undirected,Semester 3
elmag,werk3,Undirected,Semester 3
elmag,phwkL,Undirected,Semester 3
elmag,elstk,Undirected,Semester 3
elmag,kmk,Undirected,Semester 3
elmag,flmM,Undirected,Semester 3
elmag,eltM,Undirected,Semester 3
elmag,enwi,Undirected,Semester 3
elmag,mlam,Undirected,Semester 3
elmag,mata,Undirected,Semester 3
elmag,mimo,Undirected,Semester 3
elmag,npe,Undirected,Semester 3
elmag,pro3M,Undirected,Semester 3
mechM,sww,Undirected,Gleiche Gruppe
mechM,wch,Undirected,Gleiche Gruppe
mechM,wus,Undirected,Gleiche Gruppe
mechM,werk1,Undirected,Semester 1
mechM,pro1M,Undirected,Semester 1
sww,wch,Undirected,Gleiche Gruppe
sww,wus,Undirected,Gleiche Gruppe
sww,wkwkL,Undirected,Semester 4
wch,wus,Undirected,Semester 2
wch,werk2,Undirected,Semester 2
atL,eltM,Undirected,Gleiche Gruppe
atL,rtL,Undirected,Gleiche Gruppe
atL,man,Undirected,Semester 4
atL,num,Undirected,Semester 4
atL,sww,Undirected,Semester 4
atL,mst,Undirected,Semester 4
atL,fems,Undirected,Semester 4
atL,cfds,Undirected,Semester 4
atL,wkwkL,Undirected,Semester 4
atL,md,Undirected,Semester 4
atL,dms,Undirected,Semester 4
atL,egts,Undirected,Semester 4
atL,pro4M,Undirected,Semester 4
eltM,rtL,Undirected,Gleiche Gruppe
eltM,wst,Undirected,Semester 3
eltM,werk3,Undirected,Semester 3
eltM,phwkL,Undirected,Semester 3
eltM,kmk,Undirected,Semester 3
eltM,flmM,Undirected,Semester 3
eltM,enwi,Undirected,Semester 3
eltM,mlam,Undirected,Semester 3
eltM,mata,Undirected,Semester 3
eltM,mimo,Undirected,Semester 3
eltM,npe,Undirected,Semester 3
eltM,pro3M,Undirected,Semester 3
rtL,wueb,Undirected,Semester 5
rtL,thd3,Undirected,Semester 5
rtL,waem,Undirected,Semester 5
rtL,veva,Undirected,Semester 5
chkL,fems,Undirected,Gleiche Gruppe
chkL,mst,Undirected,Gleiche Gruppe
chkL,phwkL,Undirected,Gleiche Gruppe
chkL,wkwkL,Undirected,Gleiche Gruppe
chkL,lalg2,Undirected,Semester 2
chkL,wus,Undirected,Semester 2
chkL,wch,Undirected,Semester 2
chkL,werk2,Undirected,Semester 2
chkL,mel,Undirected,Semester 2
chkL,stk,Undirected,Semester 2
chkL,thdM,Undirected,Semester 2
chkL,pro2M,Undirected,Semester 2
mst,phwkL,Undirected,Gleiche Gruppe
mst,wkwkL,Undirected,Semester 4
mst,num,Undirected,Semester 4
mst,sww,Undirected,Semester 4
mst,pro4M,Undirected,Semester 4
phwkL,wkwkL,Undirected,Gleiche Gruppe
phwkL,wst,Undirected,Semester 3
phwkL,werk3,Undirected,Semester 3
phwkL,pro3M,Undirected,Semester 3
dan,infM,Undirected,Gleiche Gruppe
dan,lalg1,Undirected,Gleiche Gruppe
dan,lalg2,Undirected,Gleiche Gruppe
dan,wst,Undirected,Gleiche Gruppe
dan,rtL,Undirected,Semester 5
dan,wueb,Undirected,Semester 5
dan,thd3,Undirected,Semester 5
dan,flm3,Undirected,Semester 5
dan,dpev1,Undirected,Semester 5
dan,kt1,Undirected,Semester 5
dan,mant1,Undirected,Semester 5
dan,mea,Undirected,Semester 5
dan,minat,Undirected,Semester 5
dan,labvM,Undirected,Semester 5
dan,matl,Undirected,Semester 5
dan,ekt,Undirected,Semester 5
dan,eeww,Undirected,Semester 5
dan,waem,Undirected,Semester 5
dan,fkte,Undirected,Semester 5
dan,meas1,Undirected,Semester 5
dan,naku,Undirected,Semester 5
dan,veva,Undirected,Semester 5
dan,pro5M,Undirected,Semester 5
infM,lalg1,Undirected,Semester 1
infM,lalg2,Undirected,Gleiche Gruppe
infM,wst,Undirected,Gleiche Gruppe
infM,mechM,Undirected,Semester 1
infM,werk1,Undirected,Semester 1
infM,pro1M,Undirected,Semester 1
lalg1,lalg2,Undirected,Gleiche Gruppe
lalg1,wst,Undirected,Gleiche Gruppe
lalg1,mechM,Undirected,Semester 1
lalg1,werk1,Undirected,Semester 1
lalg1,pro1M,Undirected,Semester 1
lalg2,wst,Undirected,Gleiche Gruppe
lalg2,wus,Undirected,Semester 2
lalg2,wch,Undirected,Semester 2
lalg2,werk2,Undirected,Semester 2
lalg2,mel,Undirected,Semester 2
lalg2,stk,Undirected,Semester 2
lalg2,thdM,Undirected,Semester 2
lalg2,pro2M,Undirected,Semester 2
wst,wueb,Undirected,Semester 5
an1,an2,Undirected,Gleiche Gruppe
an1,dglM,Undirected,Gleiche Gruppe
an1,man,Undirected,Gleiche Gruppe
an1,num,Undirected,Gleiche Gruppe
an1,lalg1,Undirected,Semester 1
an1,infM,Undirected,Semester 1
an1,mechM,Undirected,Semester 1
an1,ch1,Undirected,Semester 1
an1,werk1,Undirected,Semester 1
an1,hkon,Undirected,Semester 1
an1,pro1M,Undirected,Semester 1
an2,dglM,Undirected,Gleiche Gruppe
an2,man,Undirected,Gleiche Gruppe
an2,num,Undirected,Gleiche Gruppe
an2,lalg2,Undirected,Semester 2
an2,wus,Undirected,Semester 2
an2,wch,Undirected,Semester 2
an2,werk2,Undirected,Semester 2
an2,mel,Undirected,Semester 2
an2,chkL,Undirected,Semester 2
an2,stk,Undirected,Semester 2
an2,thdM,Undirected,Semester 2
an2,pro2M,Undirected,Semester 2
dglM,man,Undirected,Gleiche Gruppe
dglM,num,Undirected,Gleiche Gruppe
dglM,wst,Undirected,Semester 3
dglM,elmag,Undirected,Semester 3
dglM,werk3,Undirected,Semester 3
dglM,phwkL,Undirected,Semester 3
dglM,elstk,Undirected,Semester 3
dglM,kmk,Undirected,Semester 3
dglM,flmM,Undirected,Semester 3
dglM,eltM,Undirected,Semester 3
dglM,dsf,Undirected,Semester 3
dglM,enwi,Undirected,Semester 3
dglM,mlam,Undirected,Semester 3
dglM,mata,Undirected,Semester 3
dglM,mimo,Undirected,Semester 3
dglM,npe,Undirected,Semester 3
dglM,pro3M,Undirected,Semester 3
man,num,Undirected,Semester 4
man,sww,Undirected,Semester 4
man,mst,Undirected,Semester 4
man,wkwkL,Undirected,Semester 4
man,md,Undirected,Semester 4
man,pro4M,Undirected,Semester 4
num,sww,Undirected,Semester 4
num,wkwkL,Undirected,Semester 4
num,pro4M,Undirected,Semester 4
dms,elstk,Undirected,Gleiche Gruppe
dms,kmk,Undirected,Gleiche Gruppe
dms,md,Undirected,Semester 4
dms,stk,Undirected,Gleiche Gruppe
dms,man,Undirected,Semester 4
dms,num,Undirected,Semester 4
dms,sww,Undirected,Semester 4
dms,mst,Undirected,Semester 4
dms,fems,Undirected,Semester 4
dms,wkwkL,Undirected,Semester 4
dms,egts,Undirected,Semester 4
dms,pro4M,Undirected,Semester 4
md,stk,Undirected,Gleiche Gruppe
md,num,Undirected,Semester 4
md,sww,Undirected,Semester 4
md,mst,Undirected,Semester 4
md,wkwkL,Undirected,Semester 4
md,pro4M,Undirected,Semester 4
egts,flmM,Undirected,Gleiche Gruppe
egts,thdM,Undirected,Gleiche Gruppe
egts,man,Undirected,Semester 4
egts,num,Undirected,Semester 4
egts,sww,Undirected,Semester 4
egts,mst,Undirected,Semester 4
egts,fems,Undirected,Semester 4
egts,wkwkL,Undirected,Semester 4
egts,md,Undirected,Semester 4
egts,pro4M,Undirected,Semester 4
flmM,thdM,Undirected,Gleiche Gruppe
flmM,wst,Undirected,Semester 3
flmM,werk3,Undirected,Semester 3
flmM,phwkL,Undirected,Semester 3
flmM,kmk,Undirected,Semester 3
flmM,mlam,Undirected,Semester 3
flmM,mata,Undirected,Semester 3
flmM,mimo,Undirected,Semester 3
flmM,npe,Undirected,Semester 3
flmM,pro3M,Undirected,Semester 3
thdM,wus,Undirected,Semester 2
thdM,wch,Undirected,Semester 2
thdM,werk2,Undirected,Semester 2
hkon,mel,Undirected,Gleiche Gruppe
hkon,werk1,Undirected,Semester 1
hkon,werk2,Undirected,Gleiche Gruppe
hkon,werk3,Undirected,Gleiche Gruppe
hkon,lalg1,Undirected,Semester 1
hkon,infM,Undirected,Semester 1
hkon,mechM,Undirected,Semester 1
hkon,pro1M,Undirected,Semester 1
mel,werk1,Undirected,Gleiche Gruppe
mel,werk2,Undirected,Semester 2
mel,werk3,Undirected,Gleiche Gruppe
mel,wus,Undirected,Semester 2
mel,wch,Undirected,Semester 2
mel,stk,Undirected,Semester 2
mel,thdM,Undirected,Semester 2
mel,pro2M,Undirected,Semester 2
werk1,werk2,Undirected,Gleiche Gruppe
werk1,werk3,Undirected,Gleiche Gruppe
werk2,werk3,Undirected,Gleiche Gruppe
werk2,wus,Undirected,Semester 2
werk3,wst,Undirected,Semester 3
werk3,wkwkL,Undirected,Semester 4
